breadcrumb,Concepto,modelo,marcos
5 - CONSTRUAL - ALUMINIO / _FIJOS / 1 MARCO,AMF_0000,Modelo Fijo de Aluminio Construal,1
5 - CONSTRUAL - ALUMINIO / _FIJOS / 1 MARCO,AMF_0010,Modelo Fijo de Aluminio Construal,1
5 - CONSTRUAL - ALUMINIO / _FIJOS / 1 MARCO,AMF_0100,Modelo Fijo de Aluminio Construal,1
5 - CONSTRUAL - ALUMINIO / _FIJOS / 1 MARCO / 2 PERSIANAS,AMF_0101,Modelo Fijo de Aluminio Construal 2 paños,1
5 - CONSTRUAL - ALUMINIO / _FIJOS / 2 MARCOS,AMF_20000,Modelo 2 Fijos en 2 Marcos de Aluminio Construal,2
5 - CONSTRUAL - ALUMINIO / _FIJOS / 2 MARCOS,AMF_20002,Modelo 2 Fijos en 2 Marcos de Aluminio Construal,2
5 - CONSTRUAL - ALUMINIO / _FIJOS / 2 MARCOS / 2 PERSIANAS,AMF_20200,Modelo 2 Fijos en 2 Marcos con 2 Paños de Aluminio Construal,2
5 - CONSTRUAL - ALUMINIO / _FIJOS / 3 MARCOS,AMF_30000,Modelo 3 Fijos en 3 Marcos de Aluminio Construal,3
5 - CONSTRUAL - ALUMINIO / _FIJOS / 3 MARCOS,AMF_30002,Modelo 3 Fijos en 3 Marcos de Aluminio Construal,3
5 - CONSTRUAL - ALUMINIO / _FIJOS / CAJON VOLADO,AMV_0000,Modelo Fijo de Aluminio con Cajón Volado Construal,1
5 - CONSTRUAL - ALUMINIO / 1 HOJA / ABATIBLES,AMF_1000.0,Modelo 1 Hoja Abatible de Aluminio Construal,1
5 - CONSTRUAL - ALUMINIO / 1 HOJA / APERTURA INTERIOR,AMF_1000,Modelo 1 Hoja de Aluminio Construal,1
5 - CONSTRUAL - ALUMINIO / 1 HOJA / APERTURA INTERIOR,AMF_1001,Modelo 1 Hoja de Aluminio Construal,1
5 - CONSTRUAL - ALUMINIO / 1 HOJA / APERTURA INTERIOR,AMF_1010,Modelo Fijo de Aluminio Construal,1
5 - CONSTRUAL - ALUMINIO / 1 HOJA / APERTURA INTERIOR,AMF_1011,Modelo Fijo de Aluminio Construal,1
5 - CONSTRUAL - ALUMINIO / 1 HOJA / APERTURA INTERIOR,AMF_1100,Modelo Fijo de Aluminio Construal,1
5 - CONSTRUAL - ALUMINIO / 1 HOJA / CAJON VOLADO,AMV_1000,Modelo 1 Hoja de Aluminio con Cajón Volado Construal,1
5 - CONSTRUAL - ALUMINIO / 2 HOJAS / APERTURA INTERIOR,AMF_2000,Modelo 2 Hojas de Aluminio Construal,1
5 - CONSTRUAL - ALUMINIO / 2 HOJAS / APERTURA INTERIOR,AMF_2001,Modelo 2 Hojas de Aluminio Construal,1
5 - CONSTRUAL - ALUMINIO / 2 HOJAS / APERTURA INTERIOR,AMF_2010,Modelo 2 Hojas de Aluminio Construal,1
5 - CONSTRUAL - ALUMINIO / 2 HOJAS / APERTURA INTERIOR,AMF_2011,Modelo 2 Hojas de Aluminio Construal,1
5 - CONSTRUAL - ALUMINIO / 2 HOJAS / APERTURA INTERIOR,AMF_2100,Modelo 2 Hojas de Aluminio Construal,1
5 - CONSTRUAL - ALUMINIO / 2 HOJAS / APERTURA INTERIOR,AMF_2101,Modelo 2 Hojas de Aluminio Construal,1
5 - CONSTRUAL - ALUMINIO / 2 HOJAS / CAJON VOLADO,AMV_2000,Modelo 2 Hojas de Aluminio con Cajón Volado Construal,1
5 - CONSTRUAL - ALUMINIO / 3 HOJAS / APERTURA INTERIOR,AMF_3100,Modelo 3 Hojas de Aluminio Construal,1
5 - CONSTRUAL - ALUMINIO / 4 HOJAS / APERTURA INTERIOR,AMF_4100,Modelo 4 Hojas de Aluminio Construal,1
5 - CONSTRUAL - ALUMINIO / CORREDERAS / CIT 73 - CORREDERA FRIA / _FIJOS,AMC_0000,Fijo de Aluminio SIN RPT Construal,1
5 - CONSTRUAL - ALUMINIO / CORREDERAS / CIT 73 - CORREDERA FRIA,ACL_2073,Corredera de Aluminio Construal,1
5 - CONSTRUAL - ALUMINIO / CORREDERAS / CIT 73 - CORREDERA FRIA,ACL_2073_1,Corredera de Aluminio Construal,1
5 - CONSTRUAL - ALUMINIO / CORREDERAS / CIT 73 - CORREDERA FRIA,ACL_2073_2,Corredera de Aluminio Construal,1
5 - CONSTRUAL - ALUMINIO / CORREDERAS / CIT 73 - CORREDERA FRIA,ACL_2073_2.1,Corredera de Aluminio Construal,1
5 - CONSTRUAL - ALUMINIO / CORREDERAS / CIT 73 - CORREDERA FRIA,ACL_2073_3,Corredera de Aluminio Construal,1
5 - CONSTRUAL - ALUMINIO / CORREDERAS / CIT 73 - CORREDERA FRIA,ACL_2073_4,Corredera de Aluminio Construal,1
5 - CONSTRUAL - ALUMINIO / CORREDERAS / CIT 73 - CORREDERA FRIA,ACL_3073,Corredera de Aluminio Construal,1
5 - CONSTRUAL - ALUMINIO / CORREDERAS / CIT 73 - CORREDERA FRIA,ACL_3073_1,Corredera de Aluminio Construal,1
5 - CONSTRUAL - ALUMINIO / CORREDERAS / CIT 73 - CORREDERA FRIA,ACL_3073_2,,1
5 - CONSTRUAL - ALUMINIO / CORREDERAS / CIT 73 - CORREDERA FRIA,ACL_4073,Corredera de Aluminio Construal,1
5 - CONSTRUAL - ALUMINIO / CORREDERAS / CIT 73 - CORREDERA FRIA,ACL_6073,Corredera de Aluminio Construal,1
5 - CONSTRUAL - ALUMINIO / CORREDERAS / EVO 61 RPT,ACL_2061,Corredera de Aluminio Construal,1
5 - CONSTRUAL - ALUMINIO / CORREDERAS / EVO 61 RPT,ACL_2061_1,Corredera de Aluminio Construal,1
5 - CONSTRUAL - ALUMINIO / CORREDERAS / EVO 61 RPT,ACL_2061_2,Corredera de Aluminio Construal,1
5 - CONSTRUAL - ALUMINIO / CORREDERAS / EVO 61 RPT,ACL_2061_2.1,Corredera de Aluminio Construal,1
5 - CONSTRUAL - ALUMINIO / CORREDERAS / EVO 61 RPT,ACL_2061_3,Corredera de Aluminio Construal,1
5 - CONSTRUAL - ALUMINIO / CORREDERAS / EVO 61 RPT,ACL_2061_4,Corredera de Aluminio Construal,1
5 - CONSTRUAL - ALUMINIO / CORREDERAS / EVO 61 RPT,ACL_3061,Corredera de Aluminio Construal,1
5 - CONSTRUAL - ALUMINIO / CORREDERAS / EVO 61 RPT,ACL_3061_1,Corredera de Aluminio Construal,1
5 - CONSTRUAL - ALUMINIO / CORREDERAS / EVO 61 RPT,ACL_3061_2,,1
5 - CONSTRUAL - ALUMINIO / CORREDERAS / EVO 61 RPT,ACL_4061,Corredera de Aluminio Construal,1
5 - CONSTRUAL - ALUMINIO / CORREDERAS / EVO 61 RPT,ACL_6061,Corredera de Aluminio Construal,1
5 - CONSTRUAL - ALUMINIO / CORREDERAS / GANDALAGE,ACG_1061,Corredera de Aluminio RPT Galandage Construal,1
5 - CONSTRUAL - ALUMINIO / CORREDERAS / GANDALAGE,ACG_2061,Corredera de Aluminio RPT Galandage Construal,1
5 - CONSTRUAL - ALUMINIO / ELEVABLES,AEV_TIPO_01,Elevable Monorail de Aluminio Construal,1
5 - CONSTRUAL - ALUMINIO / ELEVABLES,AEV_TIPO_01_1,Elevable Monorail de Aluminio Construal,1
5 - CONSTRUAL - ALUMINIO / ELEVABLES,AEV_TIPO_02,Elevable de Aluminio Construal,1
5 - CONSTRUAL - ALUMINIO / ELEVABLES,AEV_TIPO_02_1,Elevable de Aluminio Construal,1
5 - CONSTRUAL - ALUMINIO / ELEVABLES,AEV_TIPO_03,Elevable Tricarril de Aluminio Construal,1
5 - CONSTRUAL - ALUMINIO / ELEVABLES,AEV_TIPO_03_1,Elevable Tricarril de Aluminio Construal,1
5 - CONSTRUAL - ALUMINIO / ELEVABLES,AEV_TIPO_03_2,Elevable Tricarril de Aluminio Construal,1
5 - CONSTRUAL - ALUMINIO / ELEVABLES,AEV_TIPO_04,Elevable Galandage de Aluminio Construal,1
5 - CONSTRUAL - ALUMINIO / ELEVABLES,AEV_TIPO_04_1,Elevable Galandage de Aluminio Construal,1
5 - CONSTRUAL - ALUMINIO / MALLORQUINAS / _FIJOS,ALU_Mallorquina FIJA,Mallorquina Fija,1
5 - CONSTRUAL - ALUMINIO / MALLORQUINAS / _FIJOS,ALU_Mallorquina FIJA _1T,Mallorquina Fija,1
5 - CONSTRUAL - ALUMINIO / MALLORQUINAS / _FIJOS,ALU_Mallorquina FIJA _2T,Mallorquina Fija,1
5 - CONSTRUAL - ALUMINIO / MALLORQUINAS / _FIJOS,ALU_Mallorquina FIJA _3T,Mallorquina Fija,1
5 - CONSTRUAL - ALUMINIO / MALLORQUINAS / _FIJOS,ALU_Mallorquina FIJA _4T,Mallorquina Fija,1
5 - CONSTRUAL - ALUMINIO / MALLORQUINAS / _FIJOS,ALU_Mallorquina FIJA + 1T,Mallorquina Fija,1
5 - CONSTRUAL - ALUMINIO / MALLORQUINAS / _FIJOS,ALU_Mallorquina FIJA + 2T,Mallorquina Fija,1
5 - CONSTRUAL - ALUMINIO / MALLORQUINAS / 1 HOJA,ALU_Mallorquina 1H,Mallorquina de 1 Hoja,1
5 - CONSTRUAL - ALUMINIO / MALLORQUINAS / 1 HOJA,ALU_Mallorquina 1H + 1T,Mallorquina de 1 Hoja con 1 Travesaño Horizontal,1
5 - CONSTRUAL - ALUMINIO / MALLORQUINAS / 1 HOJA,ALU_Mallorquina 1H + 2T,Mallorquina de 1 Hoja con 2 Travesaños Horizontales,1
5 - CONSTRUAL - ALUMINIO / MALLORQUINAS / 2 HOJAS,ALU_Mallorquina 2H,Mallorquina de 2 Hojas,1
5 - CONSTRUAL - ALUMINIO / MALLORQUINAS / 2 HOJAS,ALU_Mallorquina 2H + 1T,Mallorquina de 2 Hojas con 1 Travesaño Horizontal,1
5 - CONSTRUAL - ALUMINIO / MALLORQUINAS / 2 HOJAS,ALU_Mallorquina 2H + 2T,Mallorquina de 2 Hojas con 2 Travesaños Horizontales,1
5 - CONSTRUAL - ALUMINIO / MALLORQUINAS / 2 HOJAS,ALU_Mallorquina 2H.1,Mallorquina de 2 Hojas,1
5 - CONSTRUAL - ALUMINIO / MALLORQUINAS / 2 HOJAS,ALU_Mallorquina 2H.1 + 1T,Mallorquina de 2 Hojas con 1 Travesaño Horizontal,1
5 - CONSTRUAL - ALUMINIO / MALLORQUINAS / 2 HOJAS,ALU_Mallorquina 2H.1 + 2T,Mallorquina de 2 Hojas con 2 Travesaños Horizontales,1
5 - CONSTRUAL - ALUMINIO / MALLORQUINAS / 2 HOJAS,ALU_Mallorquina 2H.1 + 4T,Mallorquina de 2 Hojas con 4 Travesaños Horizontales,1
5 - CONSTRUAL - ALUMINIO / MALLORQUINAS / 3 HOJAS,ALU_Mallorquina 3H,Mallorquina de 3 Hojas,1
5 - CONSTRUAL - ALUMINIO / MALLORQUINAS / 3 HOJAS,ALU_Mallorquina 3H + 1T,Mallorquina de 3 Hojas con 1 Travesaño Horizontal,1
5 - CONSTRUAL - ALUMINIO / MALLORQUINAS / 3 HOJAS,ALU_Mallorquina 3H + 2T,Mallorquina de 3 Hojas con 2 Travesaños Horizontales,1
5 - CONSTRUAL - ALUMINIO / MALLORQUINAS / 3 HOJAS,ALU_Mallorquina 3H.1,Mallorquina de 3 Hojas,1
5 - CONSTRUAL - ALUMINIO / MALLORQUINAS / 3 HOJAS,ALU_Mallorquina 3H.1 + 1T,Mallorquina de 3 Hojas con 1 Travesaño Horizontal,1
5 - CONSTRUAL - ALUMINIO / MALLORQUINAS / 3 HOJAS,ALU_Mallorquina 3H.1 + 2T,Mallorquina de 3 Hojas con 2 Travesaños Horizontales,1
5 - CONSTRUAL - ALUMINIO / MALLORQUINAS / 4 HOJAS,ALU_Mallorquina 4H,Mallorquina de 4 Hojas,1
5 - CONSTRUAL - ALUMINIO / MALLORQUINAS / 4 HOJAS,ALU_Mallorquina 4H + 1T,Mallorquina de 4 Hojas con 1 Travesaño Horizontal,1
5 - CONSTRUAL - ALUMINIO / MALLORQUINAS / 4 HOJAS,ALU_Mallorquina 4H + 2T,Mallorquina de 4 Hojas con 2 Travesaños Horizontales,1
5 - CONSTRUAL - ALUMINIO / MALLORQUINAS / 6 HOJAS,ALU_Mallorquina 5H,Mallorquina de 6 Hojas,1
5 - CONSTRUAL - ALUMINIO / MALLORQUINAS / 6 HOJAS,ALU_Mallorquina 5H + 1T,Mallorquina de 6 Hojas,1
5 - CONSTRUAL - ALUMINIO / MALLORQUINAS / 6 HOJAS,ALU_Mallorquina 6H,Mallorquina de 6 Hojas,1
5 - CONSTRUAL - ALUMINIO / MALLORQUINAS / 6 HOJAS,ALU_Mallorquina 6H + 1T,Mallorquina de 6 Hojas con 1 Travesaño Horizontal,1
5 - CONSTRUAL - ALUMINIO / MALLORQUINAS / 6 HOJAS,ALU_Mallorquina 6H + 2T,Mallorquina de 6 Hojas con 2 Travesaños Horizontales,1
5 - CONSTRUAL - ALUMINIO / MALLORQUINAS / 8 HOJAS,ALU_Mallorquina 8H,Mallorquina de 8 Hojas,1
5 - CONSTRUAL - ALUMINIO / OSCILOPARALELAS,AOP_1100,Osciloparalela 1 Hoja de Aluminio Construal,1
5 - CONSTRUAL - ALUMINIO / PUERTAS 61 Y 71 RPT / _APERTURA INTERIOR,APR_1000,Puerta  de Aluminio RPT Construal,1
5 - CONSTRUAL - ALUMINIO / PUERTAS 61 Y 71 RPT / _APERTURA INTERIOR,APR_1010,Puerta de Aluminio RPT Construal,1
5 - CONSTRUAL - ALUMINIO / PUERTAS 61 Y 71 RPT / _APERTURA INTERIOR,APR_1020,Puerta de Aluminio RPT Construal,1
5 - CONSTRUAL - ALUMINIO / PUERTAS 61 Y 71 RPT / _APERTURA INTERIOR,APR_1100,Puerta de Aluminio RPT Construal,1
5 - CONSTRUAL - ALUMINIO / PUERTAS 61 Y 71 RPT / _APERTURA INTERIOR,APR_1110,Puerta de Aluminio RPT Construal,1
5 - CONSTRUAL - ALUMINIO / PUERTAS 61 Y 71 RPT / _APERTURA INTERIOR,APR_1210,Puerta de Aluminio RPT Construal,1
5 - CONSTRUAL - ALUMINIO / PUERTAS 61 Y 71 RPT / _APERTURA INTERIOR,APR_2000,Puerta de Aluminio RPT Construal,1
5 - CONSTRUAL - ALUMINIO / PUERTAS 61 Y 71 RPT / _APERTURA INTERIOR,APR_2010,Puerta de Aluminio RPT Construal,1
5 - CONSTRUAL - ALUMINIO / PUERTAS 61 Y 71 RPT / _APERTURA INTERIOR,APR_2020,Puerta de Aluminio RPT Construal,1
5 - CONSTRUAL - ALUMINIO / PUERTAS 61 Y 71 RPT / _APERTURA INTERIOR,APR_2100,Puerta de Aluminio RPT Construal,1
5 - CONSTRUAL - ALUMINIO / PUERTAS 61 Y 71 RPT / _APERTURA INTERIOR,APR_2110,Puerta de Aluminio RPT Construal,1
5 - CONSTRUAL - ALUMINIO / PUERTAS 61 Y 71 RPT / _APERTURA INTERIOR,APR_2210,Puerta de Aluminio RPT Construal,1
5 - CONSTRUAL - ALUMINIO / PUERTAS 61 Y 71 RPT / APERTURA EXTERIOR,APR_1000_Ext,Puerta Apertura Exterior de Aluminio RPT Construal,1
5 - CONSTRUAL - ALUMINIO / PUERTAS 61 Y 71 RPT / APERTURA EXTERIOR,APR_1001_Ext,Puerta Apertura Exterior de Aluminio RPT Construal,1
5 - CONSTRUAL - ALUMINIO / PUERTAS 61 Y 71 RPT / APERTURA EXTERIOR,APR_1002_Ext,Puerta Apertura Exterior de Aluminio RPT Construal,1
5 - CONSTRUAL - ALUMINIO / PUERTAS 61 Y 71 RPT / APERTURA EXTERIOR,APR_2000_Ext,Puerta Apertura Exterior de Aluminio RPT Construal,1
5 - CONSTRUAL - ALUMINIO / PUERTAS 61 Y 71 RPT / APERTURA EXTERIOR,APR_2001_Ext,Puerta Apertura Exterior de Aluminio RPT Construal,1
5 - CONSTRUAL - ALUMINIO / PUERTAS 61 Y 71 RPT / APERTURA EXTERIOR,APR_2002_Ext,Puerta Apertura Exterior de Aluminio RPT Construal,1
5 - CONSTRUAL - ALUMINIO / PUERTAS COPLANARES / .FIJOS,APF_0000,Fijo de Aluminio Construal,1
5 - CONSTRUAL - ALUMINIO / PUERTAS COPLANARES / _APERTURA INTERIOR,APC_1000,Puerta 1 Hoja de Aluminio Construal,1
5 - CONSTRUAL - ALUMINIO / PUERTAS COPLANARES / _APERTURA INTERIOR,APC_1010,Puerta 1 Hoja de Aluminio Construal,1
5 - CONSTRUAL - ALUMINIO / PUERTAS COPLANARES / _APERTURA INTERIOR,APC_1100,Puerta 1 Hoja de Aluminio Construal,1
5 - CONSTRUAL - ALUMINIO / PUERTAS COPLANARES / _APERTURA INTERIOR,APC_1110,Puerta 1 Hoja de Aluminio Construal,1
5 - CONSTRUAL - ALUMINIO / PUERTAS COPLANARES / _APERTURA INTERIOR,APC_1120,Puerta 1 Hoja de Aluminio Construal,1
5 - CONSTRUAL - ALUMINIO / PUERTAS COPLANARES / _APERTURA INTERIOR,APC_1200,Puerta 1 Hoja de Aluminio Construal,1
5 - CONSTRUAL - ALUMINIO / PUERTAS COPLANARES / _APERTURA INTERIOR,APC_1230,Puerta 1 Hoja de Aluminio Construal,1
5 - CONSTRUAL - ALUMINIO / PUERTAS COPLANARES / _APERTURA INTERIOR,APC_2000,Puerta 2 Hojas de Aluminio Construal,1
5 - CONSTRUAL - ALUMINIO / PUERTAS COPLANARES / _APERTURA INTERIOR,APC_2010,Puerta 2 Hojas de Aluminio Construal,1
5 - CONSTRUAL - ALUMINIO / PUERTAS COPLANARES / _APERTURA INTERIOR,APC_2100,Puerta 2 Hojas de Aluminio Construal,1
5 - CONSTRUAL - ALUMINIO / PUERTAS COPLANARES / _APERTURA INTERIOR,APC_2110,Puerta 1 Hoja de Aluminio Construal,1
5 - CONSTRUAL - ALUMINIO / PUERTAS COPLANARES / _APERTURA INTERIOR,APC_2120,Puerta 2 Hojas de Aluminio Construal,1
5 - CONSTRUAL - ALUMINIO / PUERTAS COPLANARES / _APERTURA INTERIOR,APC_2200,Puerta 2 Hojas de Aluminio Construal,1
5 - CONSTRUAL - ALUMINIO / PUERTAS COPLANARES / _APERTURA INTERIOR,APC_2230,Puerta 2 Hojas de Aluminio Construal,1
5 - CONSTRUAL - ALUMINIO / PUERTAS COPLANARES / APERTURA EXTERIOR,APE_1000,Puerta 1 Hoja de Aluminio Construal,1
5 - CONSTRUAL - ALUMINIO / PUERTAS COPLANARES / APERTURA EXTERIOR,APE_1010,Puerta 1 Hoja de Aluminio Construal,1
5 - CONSTRUAL - ALUMINIO / PUERTAS COPLANARES / APERTURA EXTERIOR,APE_1100,Puerta 1 Hoja de Aluminio Construal,1
5 - CONSTRUAL - ALUMINIO / PUERTAS COPLANARES / APERTURA EXTERIOR,APE_1110,Puerta 1 Hoja de Aluminio Construal,1
5 - CONSTRUAL - ALUMINIO / PUERTAS COPLANARES / APERTURA EXTERIOR,APE_1120,Puerta 1 Hoja de Aluminio Construal,1
5 - CONSTRUAL - ALUMINIO / PUERTAS COPLANARES / APERTURA EXTERIOR,APE_1200,Puerta 1 Hoja de Aluminio Construal,1
5 - CONSTRUAL - ALUMINIO / PUERTAS COPLANARES / APERTURA EXTERIOR,APE_1230,Puerta 2 Hojas de Aluminio Construal,1
5 - CONSTRUAL - ALUMINIO / PUERTAS COPLANARES / APERTURA EXTERIOR,APE_2000,Puerta 2 Hojas de Aluminio Construal,1
5 - CONSTRUAL - ALUMINIO / PUERTAS COPLANARES / APERTURA EXTERIOR,APE_2010,Puerta 2 Hojas de Aluminio Construal,1
5 - CONSTRUAL - ALUMINIO / PUERTAS COPLANARES / APERTURA EXTERIOR,APE_2100,Puerta 2 Hojas de Aluminio Construal,1
5 - CONSTRUAL - ALUMINIO / PUERTAS COPLANARES / APERTURA EXTERIOR,APE_2110,Puerta 2 Hojas de Aluminio Construal,1
5 - CONSTRUAL - ALUMINIO / PUERTAS COPLANARES / APERTURA EXTERIOR,APE_2120,Puerta 2 Hojas de Aluminio Construal,1
5 - CONSTRUAL - ALUMINIO / PUERTAS COPLANARES / APERTURA EXTERIOR,APE_2200,Puerta 2 Hojas de Aluminio Construal,1
5 - CONSTRUAL - ALUMINIO / PUERTAS COPLANARES / APERTURA EXTERIOR,APE_2230,Puerta 2 Hojas de Aluminio Construal,1
5 - CONSTRUAL - ALUMINIO / PUERTAS COPLANARES / COMPOSICIONES,APC_1+1,Puerta de Aluminio Construal (Composición),1
5 - CONSTRUAL - ALUMINIO / PUERTAS COPLANARES / COMPOSICIONES,APC_1+1+1,Puerta de Aluminio Construal (Composición),1
5 - CONSTRUAL - ALUMINIO / PUERTAS COPLANARES / VAIVEN,APV_2000,Puerta de 2 Hojas Apertura Vaiven de Aluminio Construal,1
4 - CONSTRUAL - PVC / _FIJOS / 1 MARCO / 1 PERSIANA,PMF_0000,Modelo Fijo de PVC Construal,1
4 - CONSTRUAL - PVC / _FIJOS / 1 MARCO / 1 PERSIANA,PMF_0010,Modelo Fijo de PVC Construal,1
4 - CONSTRUAL - PVC / _FIJOS / 1 MARCO / 1 PERSIANA,PMF_0100,Modelo Fijo de PVC Construal,1
4 - CONSTRUAL - PVC / _FIJOS / 1 MARCO / 2 PERSIANAS,PMF_0001,Modelo Fijo con 2 Persianas de PVC Construal,1
4 - CONSTRUAL - PVC / _FIJOS / 1 MARCO / 2 PERSIANAS,PMF_0101,Modelo Fijo con 2 Persianas de PVC Construal,1
4 - CONSTRUAL - PVC / _FIJOS / 2 MARCOS / 1 PERSIANA,PMF20000,Modelo 2 Fijos con 1  Persiana de PVC Construal,1
4 - CONSTRUAL - PVC / _FIJOS / 2 MARCOS / 1 PERSIANA,PMF20002,Modelo 2 Fijos con 1 Persiana de PVC Construal,1
4 - CONSTRUAL - PVC / _FIJOS / 2 MARCOS / 2 PERSIANAS,PMF20001,Modelo 2 Marcos 2  Persianas de PVC Construal,2
4 - CONSTRUAL - PVC / _FIJOS / 3 MARCOS / 3 PERSIANAS,PMF30001,Modelo 3 Marcos 3  Persianas de PVC Construal,3
4 - CONSTRUAL - PVC / _FIJOS / CAJON VOLADO / 1 MARCO / 2 PERSIANAS,PMV_0101,Modelo Cajon Volado 1 Marco 2 Persianas de PVC Construal,1
4 - CONSTRUAL - PVC / _FIJOS / CAJON VOLADO / 2 MARCOS / 1 PERSIANA,PMV20000,Modelo Cajon Volado 2 Marcos 1  Persiana de PVC Construal,2
4 - CONSTRUAL - PVC / _FIJOS / CAJON VOLADO / 2 MARCOS / 1 PERSIANA,PMV20001,Modelo 2 Fijos Cajon Volado con 1  Persiana de PVC Construal,1
4 - CONSTRUAL - PVC / _FIJOS / CAJON VOLADO / 2 MARCOS / 2 PERSIANAS,PMV20002,Modelo Cajon Volado 2 Marcos 2  Persianas de PVC Construal,2
4 - CONSTRUAL - PVC / _FIJOS / CAJON VOLADO,PMV_0000,Modelo Cajon Volado de PVC Construal,1
4 - CONSTRUAL - PVC / _FIJOS / CAJON VOLADO,PMV_0010,Modelo Cajon Volado de PVC Construal,1
4 - CONSTRUAL - PVC / _FIJOS / CAJON VOLADO,PMV_0100,Modelo Cajon Volado de PVC Construal,1
4 - CONSTRUAL - PVC / 1 HOJA / 1 HOJA ABATIBLE MECANICAMENTE,PVA_1000,Modelo 1 Hoja Abatible de PVC Construal,1
4 - CONSTRUAL - PVC / 1 HOJA / 1 HOJA ABATIBLE MECANICAMENTE,PVA_1010,Modelo 1 Hoja Abatible de PVC Construal,1
4 - CONSTRUAL - PVC / 1 HOJA / 1 HOJA ABATIBLE MECANICAMENTE,PVA_1100,Modelo 1 Hoja Abatible de PVC Construal,1
4 - CONSTRUAL - PVC / 1 HOJA / 1 MARCO / 1 PERSIANA,PVB_1000,Modelo 1 Hoja de PVC Construal,1
4 - CONSTRUAL - PVC / 1 HOJA / 1 MARCO / 1 PERSIANA,PVB_1010,Modelo 1 Hoja de PVC Construal,1
4 - CONSTRUAL - PVC / 1 HOJA / 1 MARCO / 1 PERSIANA,PVB_1011,Modelo 1 Hoja de PVC Construal,1
4 - CONSTRUAL - PVC / 1 HOJA / 1 MARCO / 1 PERSIANA,PVB_1012,Modelo 1 Hoja de PVC Construal,1
4 - CONSTRUAL - PVC / 1 HOJA / 1 MARCO / 1 PERSIANA,PVB_1020,Modelo 1 Hoja de PVC Construal,1
4 - CONSTRUAL - PVC / 1 HOJA / 1 MARCO / 1 PERSIANA,PVB_1100,Modelo 1 Hoja de PVC Construal,1
4 - CONSTRUAL - PVC / 1 HOJA / 1 MARCO / 1 PERSIANA,PVB_1102,Modelo 1 Hoja Con Umbral de PVC Construal,1
4 - CONSTRUAL - PVC / 1 HOJA / 1 MARCO / 1 PERSIANA,PVB_1110,Modelo 1 Hoja de PVC Construal,1
4 - CONSTRUAL - PVC / 1 HOJA / 1 MARCO / 1 PERSIANA,PVB_1111,Modelo 1 Hoja de PVC Construal,1
4 - CONSTRUAL - PVC / 1 HOJA / 1 MARCO / 1 PERSIANA,PVB_1120,Modelo 1 Hoja de PVC Construal,1
4 - CONSTRUAL - PVC / 1 HOJA / 1 MARCO / 1 PERSIANA,PVB_1200,Modelo 1 Hoja de PVC Construal,1
4 - CONSTRUAL - PVC / 1 HOJA / 1 MARCO / 1 PERSIANA,PVB_1201,Modelo 1 Hoja Con Umbral de PVC Construal,1
4 - CONSTRUAL - PVC / 1 HOJA / 1 MARCO / 1 PERSIANA,PVB_1220,Modelo 1 Hoja de PVC Construal,1
4 - CONSTRUAL - PVC / 1 HOJA / 1 MARCO / 1 PERSIANA,PVB_1230,Modelo 1 Hoja de PVC Construal,1
4 - CONSTRUAL - PVC / 1 HOJA / 1 MARCO / 2 PERSIANAS,PVB_1101,Modelo 1 Hoja con 2 Persianas de PVC Construal,1
4 - CONSTRUAL - PVC / 1 HOJA / 1 MARCO / 2 PERSIANAS,PVB_1112,Modelo 1 Hoja con 2 Persianas de PVC Construal,1
4 - CONSTRUAL - PVC / 1 HOJA / 2 MARCOS / 1 PERSIANA,PVB21000,Modelo 2 Marcos 1 Hoja de PVC Construal,2
4 - CONSTRUAL - PVC / 1 HOJA / 2 MARCOS / 1 PERSIANA,PVB21002,Modelo 2 Marcos 1 Hoja de PVC Construal,2
4 - CONSTRUAL - PVC / 1 HOJA / 2 MARCOS / 1 PERSIANA,PVB21003,Modelo 2 Marcos 1 Hoja de PVC Construal,2
4 - CONSTRUAL - PVC / 1 HOJA / 2 MARCOS / 2 PERSIANAS,PVB21001,Modelo 2 Marcos 2 Persianas 1 Hoja de PVC Construal,2
4 - CONSTRUAL - PVC / 1 HOJA / APERTURA EXTEROR,PVE_1000,Modelo 1 Hoja Apertura Exterior de PVC Construal,1
4 - CONSTRUAL - PVC / 1 HOJA / APERTURA EXTEROR,PVE_1001,Modelo 1 Hoja Apertura Exterior y Persiana de PVC Construal,1
4 - CONSTRUAL - PVC / 1 HOJA / APERTURA EXTEROR,PVE21000,Modelo 1 Hoja Apertura Exterior 2 Marcos PVC Construal,2
4 - CONSTRUAL - PVC / 1 HOJA / APERTURA EXTEROR,PVE21001,Modelo 1 Hoja Apertura Exterior 2 Marcos PVC Construal,2
4 - CONSTRUAL - PVC / 1 HOJA / APERTURA EXTEROR,PVE21002,Modelo 1 Hoja Apertura Exterior 2 Marcos PVC Construal,2
4 - CONSTRUAL - PVC / 1 HOJA / APERTURA EXTEROR,PVE21003,Modelo 1 Hoja Apertura Exterior 2 Marcos PVC Construal,2
4 - CONSTRUAL - PVC / 1 HOJA / APERTURA EXTEROR,PVE22001,Modelo 1 Hoja Apertura Exterior y 2 Marcos de PVC Construal,2
4 - CONSTRUAL - PVC / 1 HOJA / APERTURA EXTEROR,PVE22002,Modelo 1 Hoja Apertura Exterior y 2 Marcos de PVC Construal,2
4 - CONSTRUAL - PVC / 1 HOJA / CAJON VOLADO / 1 MARCO / 2 PERSIANAS,PVV_1101,Modelo Cajon Volado 1 Hoja 2 Persianas de PVC Construal,1
4 - CONSTRUAL - PVC / 1 HOJA / CAJON VOLADO / 1 MARCO / 2 PERSIANAS,PVV_1112,Modelo Cajon Volado 1 Hoja 2 Persianas de PVC Construal,1
4 - CONSTRUAL - PVC / 1 HOJA / CAJON VOLADO / 2 MARCOS / 1 PERSIANA,PVV21000,Modelo Cajon Volado 2 Marcos 1 Persiana de PVC Construal,2
4 - CONSTRUAL - PVC / 1 HOJA / CAJON VOLADO / 2 MARCOS / 1 PERSIANA,PVV21002,Modelo Cajon Volado 2 Marcos 1 Persiana de PVC Construal,2
4 - CONSTRUAL - PVC / 1 HOJA / CAJON VOLADO / 2 MARCOS / 1 PERSIANA,PVV21003,Modelo Cajon Volado 2 Marcos 1 Persiana de PVC Construal,2
4 - CONSTRUAL - PVC / 1 HOJA / CAJON VOLADO / 2 MARCOS / 2 PERSIANAS,PVV21001,Modelo Cajon Volado 2 Marcos 2  Persianas de PVC Construal,2
4 - CONSTRUAL - PVC / 1 HOJA / CAJON VOLADO,PVV_1000,Modelo Cajon Volado 1 Hoja de PVC Construal,1
4 - CONSTRUAL - PVC / 1 HOJA / CAJON VOLADO,PVV_1010,Modelo Cajon Volado 1 Hoja de PVC Construal,1
4 - CONSTRUAL - PVC / 1 HOJA / CAJON VOLADO,PVV_1011,Modelo Cajon Volado 1 Hoja de PVC Construal,1
4 - CONSTRUAL - PVC / 1 HOJA / CAJON VOLADO,PVV_1012,Modelo Cajon Volado 1 Hoja de PVC Construal,1
4 - CONSTRUAL - PVC / 1 HOJA / CAJON VOLADO,PVV_1020,Modelo Cajon Volado 1 Hoja de PVC Construal,1
4 - CONSTRUAL - PVC / 1 HOJA / CAJON VOLADO,PVV_1100,Modelo Cajon Volado 1 Hoja de PVC Construal,1
4 - CONSTRUAL - PVC / 1 HOJA / CAJON VOLADO,PVV_1110,Modelo Cajon Volado 1 Hoja de PVC Construal,1
4 - CONSTRUAL - PVC / 1 HOJA / CAJON VOLADO,PVV_1111,Modelo Cajon Volado 1 Hoja de PVC Construal,1
4 - CONSTRUAL - PVC / 1 HOJA / CAJON VOLADO,PVV_1120,Modelo Cajon Volado 1 Hoja de PVC Construal,1
4 - CONSTRUAL - PVC / 1 HOJA / CAJON VOLADO,PVV_1200,Modelo Cajon Volado 1 Hoja de PVC Construal,1
4 - CONSTRUAL - PVC / 1 HOJA / CAJON VOLADO,PVV_1220,Modelo Cajon Volado 1 Hoja de PVC Construal,1
4 - CONSTRUAL - PVC / 1 HOJA / CAJON VOLADO,PVV_1230,Modelo Cajon Volado 1 Hoja de PVC Construal,1
4 - CONSTRUAL - PVC / 2 HOJAS / 1 MARCO / 1 PERSIANA,PVB_2000,Modelo 2 Hojas de PVC Construal,1
4 - CONSTRUAL - PVC / 2 HOJAS / 1 MARCO / 1 PERSIANA,PVB_2010,Modelo 2 Hojas con Fijo Inferior de PVC Construal,1
4 - CONSTRUAL - PVC / 2 HOJAS / 1 MARCO / 1 PERSIANA,PVB_2011,Modelo 2 Hojas con Fijo Superior de PVC Construal,1
4 - CONSTRUAL - PVC / 2 HOJAS / 1 MARCO / 1 PERSIANA,PVB_2012,Modelo 2 Hojas de PVC Construal,1
4 - CONSTRUAL - PVC / 2 HOJAS / 1 MARCO / 1 PERSIANA,PVB_2020,Modelo 2 Hojas de PVC Construal,1
4 - CONSTRUAL - PVC / 2 HOJAS / 1 MARCO / 1 PERSIANA,PVB_2021,Modelo 2 Hojas con Fijos de PVC Construal,1
4 - CONSTRUAL - PVC / 2 HOJAS / 1 MARCO / 1 PERSIANA,PVB_2100,Modelo 2 Hojas con Fijo Lateral de PVC Construal,1
4 - CONSTRUAL - PVC / 2 HOJAS / 1 MARCO / 1 PERSIANA,PVB_2101,Modelo 2 Hojas de PVC Construal,1
4 - CONSTRUAL - PVC / 2 HOJAS / 1 MARCO / 1 PERSIANA,PVB_2103,Modelo 2 Hojas Con Umbral de PVC Construal,1
4 - CONSTRUAL - PVC / 2 HOJAS / 1 MARCO / 1 PERSIANA,PVB_2110,Modelo 2 Hojas con Fijo Inferior de PVC Construal,1
4 - CONSTRUAL - PVC / 2 HOJAS / 1 MARCO / 1 PERSIANA,PVB_2111,Modelo 2 Hojas con Fijo Superior de PVC Construal,1
4 - CONSTRUAL - PVC / 2 HOJAS / 1 MARCO / 1 PERSIANA,PVB_2112,Modelo 2 Hojas con Fijos de PVC Construal,1
4 - CONSTRUAL - PVC / 2 HOJAS / 1 MARCO / 1 PERSIANA,PVB_2130,Modelo 2 Hojas con Fijo Lateral de PVC Construal,1
4 - CONSTRUAL - PVC / 2 HOJAS / 1 MARCO / 1 PERSIANA,PVB_2200,Modelo 2 Hojas con Fijo Central de PVC Construal,1
4 - CONSTRUAL - PVC / 2 HOJAS / 1 MARCO / 1 PERSIANA,PVB_2201,Modelo 2 Hojas con Fijos Laterales de PVC Construal,1
4 - CONSTRUAL - PVC / 2 HOJAS / 1 MARCO / 1 PERSIANA,PVB_2210,Modelo 2 Hojas con Fijos de PVC Construal,1
4 - CONSTRUAL - PVC / 2 HOJAS / 1 MARCO / 1 PERSIANA,PVB_2211,Modelo 2 Hojas con Fijos de PVC Construal,1
4 - CONSTRUAL - PVC / 2 HOJAS / 1 MARCO / 1 PERSIANA,PVB_2220,Modelo 2 Hojas con Fijos de PVC Construal,1
4 - CONSTRUAL - PVC / 2 HOJAS / 1 MARCO / 1 PERSIANA,PVB_2221,Modelo 2 Hojas con Fijos de PVC Construal,1
4 - CONSTRUAL - PVC / 2 HOJAS / 1 MARCO / 1 PERSIANA,PVB_2230,Modelo 2 Hojas con Fijo Central de PVC Construal,1
4 - CONSTRUAL - PVC / 2 HOJAS / 1 MARCO / 1 PERSIANA,PVB_2240,Modelo 2 Hojas con Fijos Laterales de PVC Construal,1
4 - CONSTRUAL - PVC / 2 HOJAS / 1 MARCO / 2 PERSIANAS,PVB_2102,Modelo 2 Hojas con 2 Persianas de PVC Construal,1
4 - CONSTRUAL - PVC / 2 HOJAS / 1 MARCO / 2 PERSIANAS,PVB_2310,Modelo 2 Hojas con 2 Persianas de PVC Construal,1
4 - CONSTRUAL - PVC / 2 HOJAS / 2 MARCOS / 1 PERSIANA,PVB22000,Modelo 2 Marcos 2 Hojas de PVC Construal,2
4 - CONSTRUAL - PVC / 2 HOJAS / 2 MARCOS / 1 PERSIANA,PVB22001,Modelo 2 Marcos 2 Hojas de PVC Construal,2
4 - CONSTRUAL - PVC / 2 HOJAS / 2 MARCOS / 1 PERSIANA,PVB22002,Modelo 2 Marcos 2 Hojas de PVC Construal,2
4 - CONSTRUAL - PVC / 2 HOJAS / 2 MARCOS / 1 PERSIANA,PVB22003,Modelo 2 Marcos 2 Hojas de PVC Construal,2
4 - CONSTRUAL - PVC / 2 HOJAS / 2 MARCOS / 2 PERSIANAS,PVB22004,Modelo 2 Marcos 2 Persianas 2 Hojas de PVC Construal,2
4 - CONSTRUAL - PVC / 2 HOJAS / 2 MARCOS / 2 PERSIANAS,PVB22005,Modelo 2 Marcos 2 Persianas 2 Hojas de PVC Construal,2
4 - CONSTRUAL - PVC / 2 HOJAS / 2 MARCOS / 2 PERSIANAS,PVB22006,Modelo 2 Marcos 2 Persianas 2 Hojas de PVC Construal,2
4 - CONSTRUAL - PVC / 2 HOJAS / APERTURA EXTEROR,PVE_2000,Modelo 2 Hojas Apertura Exterior PVC Construal,1
4 - CONSTRUAL - PVC / 2 HOJAS / APERTURA EXTEROR,PVE_2001,Modelo 2 Hojas Apertura Exterior y Persiana de PVC Construal,1
4 - CONSTRUAL - PVC / 2 HOJAS / APERTURA EXTEROR,PVE22000,Modelo 2 Hojas Apertura Exterior y 2 Marcos de PVC Construal,2
4 - CONSTRUAL - PVC / 2 HOJAS / APERTURA EXTEROR,PVE22003,Modelo 2 Hojas Apertura Exterior y 2 Marcos de PVC Construal,2
4 - CONSTRUAL - PVC / 2 HOJAS / APERTURA EXTEROR,PVE22004,Modelo 2 Hojas Apertura Exterior y 2 Marcos de PVC Construal,2
4 - CONSTRUAL - PVC / 2 HOJAS / APERTURA EXTEROR,PVE23000,Modelo 2 Hojas Apertura Exterior y 2 Marcos de PVC Construal,2
4 - CONSTRUAL - PVC / 2 HOJAS / APERTURA EXTEROR,PVE23001,Modelo 2 Hojas Apertura Exterior y 2 Marcos de PVC Construal,2
4 - CONSTRUAL - PVC / 2 HOJAS / CAJON VOLADO / 1 MARCO / 2 PERSIANAS,PVV_2102,Modelo Cajon Volado 2 Hojas 2 Persianas de PVC Construal,1
4 - CONSTRUAL - PVC / 2 HOJAS / CAJON VOLADO / 2 MARCOS / 1 PERSIANA,PVV22000,Modelo Cajon Volado 2 Marcos 1  Persiana de PVC Construal,2
4 - CONSTRUAL - PVC / 2 HOJAS / CAJON VOLADO / 2 MARCOS / 1 PERSIANA,PVV22001,Modelo Cajon Volado 2 Marcos 2  Persianas de PVC Construal,2
4 - CONSTRUAL - PVC / 2 HOJAS / CAJON VOLADO / 2 MARCOS / 1 PERSIANA,PVV22002,Modelo Cajon Volado 2 Marcos 1  Persiana de PVC Construal,2
4 - CONSTRUAL - PVC / 2 HOJAS / CAJON VOLADO / 2 MARCOS / 1 PERSIANA,PVV22003,Modelo Cajon Volado 2 Marcos 1  Persiana de PVC Construal,2
4 - CONSTRUAL - PVC / 2 HOJAS / CAJON VOLADO / 2 MARCOS / 2 PERSIANAS,PVV22004,Modelo Cajon Volado 2 Marcos 2  Persianas de PVC Construal,2
4 - CONSTRUAL - PVC / 2 HOJAS / CAJON VOLADO / 2 MARCOS / 2 PERSIANAS,PVV22005,Modelo Cajon Volado 2 Marcos 2  Persianas de PVC Construal,2
4 - CONSTRUAL - PVC / 2 HOJAS / CAJON VOLADO,PVV_2000,Modelo Cajon Volado 2 Hojas de PVC Construal,1
4 - CONSTRUAL - PVC / 2 HOJAS / CAJON VOLADO,PVV_2010,Modelo Cajon Volado 2 Hojas de PVC Construal,1
4 - CONSTRUAL - PVC / 2 HOJAS / CAJON VOLADO,PVV_2011,Modelo Cajon Volado 2 Hojas de PVC Construal,1
4 - CONSTRUAL - PVC / 2 HOJAS / CAJON VOLADO,PVV_2012,Modelo Cajon Volado 2 Hojas de PVC Construal,1
4 - CONSTRUAL - PVC / 2 HOJAS / CAJON VOLADO,PVV_2020,Modelo Cajon Volado 2 Hojas de PVC Construal,1
4 - CONSTRUAL - PVC / 2 HOJAS / CAJON VOLADO,PVV_2021,Modelo Cajon Volado 2 Hojas de PVC Construal,1
4 - CONSTRUAL - PVC / 2 HOJAS / CAJON VOLADO,PVV_2100,Modelo Cajon Volado 2 Hojas de PVC Construal,1
4 - CONSTRUAL - PVC / 2 HOJAS / CAJON VOLADO,PVV_2101,Modelo Cajon Volado 2 Hojas de PVC Construal,1
4 - CONSTRUAL - PVC / 2 HOJAS / CAJON VOLADO,PVV_2110,Modelo Cajon Volado 2 Hojas de PVC Construal,1
4 - CONSTRUAL - PVC / 2 HOJAS / CAJON VOLADO,PVV_2111,Modelo Cajon Volado 2 Hojas de PVC Construal,1
4 - CONSTRUAL - PVC / 2 HOJAS / CAJON VOLADO,PVV_2112,Modelo Cajon Volado 2 Hojas de PVC Construal,1
4 - CONSTRUAL - PVC / 2 HOJAS / CAJON VOLADO,PVV_2130,Modelo Cajon Volado 2 Hojas de PVC Construal,1
4 - CONSTRUAL - PVC / 2 HOJAS / CAJON VOLADO,PVV_2200,Modelo Cajon Volado 2 Hojas de PVC Construal,1
4 - CONSTRUAL - PVC / 2 HOJAS / CAJON VOLADO,PVV_2201,Modelo Cajon Volado 2 Hojas de PVC Construal,1
4 - CONSTRUAL - PVC / 2 HOJAS / CAJON VOLADO,PVV_2210,Modelo Cajon Volado 2 Hojas de PVC Construal,1
4 - CONSTRUAL - PVC / 2 HOJAS / CAJON VOLADO,PVV_2211,Modelo Cajon Volado 2 Hojas de PVC Construal,1
4 - CONSTRUAL - PVC / 2 HOJAS / CAJON VOLADO,PVV_2220,Modelo Cajon Volado 2 Hojas de PVC Construal,1
4 - CONSTRUAL - PVC / 2 HOJAS / CAJON VOLADO,PVV_2221,Modelo Cajon Volado 2 Hojas de PVC Construal,1
4 - CONSTRUAL - PVC / 2 HOJAS / CAJON VOLADO,PVV_2230,Modelo Cajon Volado 2 Hojas de PVC Construal,1
4 - CONSTRUAL - PVC / 2 HOJAS / CAJON VOLADO,PVV_2240,Modelo Cajon Volado 2 Hojas de PVC Construal,1
4 - CONSTRUAL - PVC / 3 HOJAS / 1 MARCO / 1 PERSIANA,PVB_3010,Modelo 3 Hojas de PVC Construal,1
4 - CONSTRUAL - PVC / 3 HOJAS / 1 MARCO / 1 PERSIANA,PVB_3020,Modelo 3 Hojas de PVC Construal,1
4 - CONSTRUAL - PVC / 3 HOJAS / 1 MARCO / 1 PERSIANA,PVB_3100,Modelo 3 Hojas de PVC Construal,1
4 - CONSTRUAL - PVC / 3 HOJAS / 1 MARCO / 1 PERSIANA,PVB_3110,Modelo 3 Hojas con Fijo Inferior de PVC Construal,1
4 - CONSTRUAL - PVC / 3 HOJAS / 1 MARCO / 1 PERSIANA,PVB_3111,Modelo 3 Hojas con Fijo Superior de PVC Construal,1
4 - CONSTRUAL - PVC / 3 HOJAS / 1 MARCO / 1 PERSIANA,PVB_3120,Modelo 3 Hojas de PVC Construal,1
4 - CONSTRUAL - PVC / 3 HOJAS / 1 MARCO / 1 PERSIANA,PVB_3130,Modelo 3 Hojas de PVC Construal,1
4 - CONSTRUAL - PVC / 3 HOJAS / 1 MARCO / 1 PERSIANA,PVB_3200,Modelo 3 Hojas de PVC Construal,1
4 - CONSTRUAL - PVC / 3 HOJAS / 1 MARCO / 1 PERSIANA,PVB_3210,Modelo 3 Hojas con Fijo Inferior de PVC Construal,1
4 - CONSTRUAL - PVC / 3 HOJAS / 1 MARCO / 1 PERSIANA,PVB_3211,Modelo 3 Hojas con Fijo Superior de PVC Construal,1
4 - CONSTRUAL - PVC / 3 HOJAS / 1 MARCO / 1 PERSIANA,PVB_3212,Modelo 3 Hojas de PVC Construal,1
4 - CONSTRUAL - PVC / 3 HOJAS / 1 MARCO / 1 PERSIANA,PVB_3213,Modelo 3 Hojas de PVC Construal,1
4 - CONSTRUAL - PVC / 3 HOJAS / 1 MARCO / 1 PERSIANA,PVB_3310,Modelo 3 Hojas de PVC Construal,1
4 - CONSTRUAL - PVC / 3 HOJAS / 1 MARCO / 1 PERSIANA,PVB_3320,Modelo 3 Hojas de PVC Construal,1
4 - CONSTRUAL - PVC / 3 HOJAS / 1 MARCO / 1 PERSIANA,PVB_3520,Modelo 3 Hojas de PVC Construal,1
4 - CONSTRUAL - PVC / 3 HOJAS / 1 MARCO / 2 PERSIANAS,PVB_3101,Modelo 3 Hojas y 2 Persianas de PVC Construal,1
4 - CONSTRUAL - PVC / 3 HOJAS / 1 MARCO / 2 PERSIANAS,PVB_3311,Modelo 3 Hojas y 2 Persianas de PVC Construal,1
4 - CONSTRUAL - PVC / 3 HOJAS / 2 MARCOS / 1 PERSIANA,PVB23000,Modelo 2 Marcos 3 Hojas de PVC Construal,1
4 - CONSTRUAL - PVC / 3 HOJAS / 2 MARCOS / 1 PERSIANA,PVB23001,Modelo 2 Marcos 3 Hojas de PVC Construal,1
4 - CONSTRUAL - PVC / 3 HOJAS / 2 MARCOS / 2 PERSIANAS,PVB23004,Modelo 2 Marcos 2 Persianas 3 Hojas de PVC Construal,2
4 - CONSTRUAL - PVC / 3 HOJAS / CAJON VOLADO / 1 MARCO / 2 PERSIANAS,PVV_3101,Modelo Cajon Volado 3 Hojas 2 Persianas de PVC Construal,1
4 - CONSTRUAL - PVC / 3 HOJAS / CAJON VOLADO / 1 MARCO / 2 PERSIANAS,PVV_3214,Modelo Cajon Volado 3 Hojas de PVC Construal,1
4 - CONSTRUAL - PVC / 3 HOJAS / CAJON VOLADO / 2 MARCOS / 1 PERSIANA,PVV23000,Modelo Cajon Volado 2 Marcos 1  Persiana de PVC Construal,2
4 - CONSTRUAL - PVC / 3 HOJAS / CAJON VOLADO / 2 MARCOS / 1 PERSIANA,PVV23001,Modelo Cajon Volado 2 Marcos 1  Persiana de PVC Construal,2
4 - CONSTRUAL - PVC / 3 HOJAS / CAJON VOLADO / 2 MARCOS / 2 PERSIANAS,PVV23004,Modelo Cajon Volado 2 Marcos 2 Persianas de PVC Construal,2
4 - CONSTRUAL - PVC / 3 HOJAS / CAJON VOLADO,PVV_3010,Modelo Cajon Volado 3 Hojas de PVC Construal,1
4 - CONSTRUAL - PVC / 3 HOJAS / CAJON VOLADO,PVV_3020,Modelo Cajon Volado 3 Hojas de PVC Construal,1
4 - CONSTRUAL - PVC / 3 HOJAS / CAJON VOLADO,PVV_3100,Modelo Cajon Volado 3 Hojas de PVC Construal,1
4 - CONSTRUAL - PVC / 3 HOJAS / CAJON VOLADO,PVV_3110,Modelo Cajon Volado 3 Hojas de PVC Construal,1
4 - CONSTRUAL - PVC / 3 HOJAS / CAJON VOLADO,PVV_3111,Modelo Cajon Volado 3 Hojas de PVC Construal,1
4 - CONSTRUAL - PVC / 3 HOJAS / CAJON VOLADO,PVV_3130,Modelo Cajon Volado 3 Hojas de PVC Construal,1
4 - CONSTRUAL - PVC / 3 HOJAS / CAJON VOLADO,PVV_3200,Modelo Cajon Volado 3 Hojas de PVC Construal,1
4 - CONSTRUAL - PVC / 3 HOJAS / CAJON VOLADO,PVV_3210,Modelo Cajon Volado 3 Hojas de PVC Construal,1
4 - CONSTRUAL - PVC / 3 HOJAS / CAJON VOLADO,PVV_3211,Modelo Cajon Volado 3 Hojas de PVC Construal,1
4 - CONSTRUAL - PVC / 3 HOJAS / CAJON VOLADO,PVV_3212,Modelo Cajon Volado 3 Hojas de PVC Construal,1
4 - CONSTRUAL - PVC / 3 HOJAS / CAJON VOLADO,PVV_3213,Modelo Cajon Volado 3 Hojas de PVC Construal,1
4 - CONSTRUAL - PVC / 3 HOJAS / CAJON VOLADO,PVV_3310,Modelo Cajon Volado 3 Hojas de PVC Construal,1
4 - CONSTRUAL - PVC / 4 HOJAS / 1 MARCO / 1 PERSIANA,PVB_4010,Modelo 4 Hojas de PVC Construal,1
4 - CONSTRUAL - PVC / 4 HOJAS / 1 MARCO / 1 PERSIANA,PVB_4100,Modelo 4 Hojas de PVC Construal,1
4 - CONSTRUAL - PVC / 4 HOJAS / 1 MARCO / 1 PERSIANA,PVB_4110,Modelo 4 Hojas de PVC Construal,1
4 - CONSTRUAL - PVC / 4 HOJAS / 1 MARCO / 1 PERSIANA,PVB_4200,Modelo 4 Hojas de PVC Construal,1
4 - CONSTRUAL - PVC / 4 HOJAS / 1 MARCO / 1 PERSIANA,PVB_4210,Modelo 4 Hojas de PVC Construal,1
4 - CONSTRUAL - PVC / 4 HOJAS / 1 MARCO / 1 PERSIANA,PVB_4300,Modelo 4 Hojas de PVC Construal,1
4 - CONSTRUAL - PVC / 4 HOJAS / 1 MARCO / 2 PERSIANAS,PVB_4101,Modelo 4 Hojas 2 Persianas de PVC Construal,1
4 - CONSTRUAL - PVC / 4 HOJAS / 2 MARCOS / 1 PERSIANA,PVB24000,Modelo 2 Marcos 4 Hojas de PVC Construal,2
4 - CONSTRUAL - PVC / 4 HOJAS / 2 MARCOS / 2 PERSIANAS,PVB24001,Modelo 2 Marcos 2 Persianas 4 Hojas de PVC Construal,2
4 - CONSTRUAL - PVC / 4 HOJAS / 2 MARCOS / 2 PERSIANAS,PVB24002,Modelo 2 Marcos 2 Persianas 4 Hojas de PVC Construal,2
4 - CONSTRUAL - PVC / 4 HOJAS / CAJON VOLADO / 1 MARCO / 2 PERSIANAS,PVV_4101,Modelo Cajon Volado 1 Marco 2 Persianas de PVC Construal,1
4 - CONSTRUAL - PVC / 4 HOJAS / CAJON VOLADO / 1 MARCO / 2 PERSIANAS,PVV_4210,Modelo Cajon Volado 1 Marco 2 Persianas de PVC Construal,1
4 - CONSTRUAL - PVC / 4 HOJAS / CAJON VOLADO / 2 MARCOS / 1 PERSIANA,PVV24000,Modelo Cajon Volado 2 Marcos 2  Persianas de PVC Construal,2
4 - CONSTRUAL - PVC / 4 HOJAS / CAJON VOLADO / 2 MARCOS / 1 PERSIANA,PVV24021,Modelo Cajon Volado 2 Marcos 2  Persianas de PVC Construal,2
4 - CONSTRUAL - PVC / 4 HOJAS / CAJON VOLADO / 2 MARCOS / 2 PERSIANAS,PVV24001,Modelo Cajon Volado 2 Marcos 2  Persianas de PVC Construal,2
4 - CONSTRUAL - PVC / 4 HOJAS / CAJON VOLADO / 2 MARCOS / 2 PERSIANAS,PVV24020,Modelo Cajon Volado 2 Marcos 2  Persianas de PVC Construal,2
4 - CONSTRUAL - PVC / 4 HOJAS / CAJON VOLADO,PVV_4010,Modelo Cajon Volado 4 Hojas de PVC Construal,1
4 - CONSTRUAL - PVC / 4 HOJAS / CAJON VOLADO,PVV_4100,Modelo Cajon Volado 4 Hojas de PVC Construal,1
4 - CONSTRUAL - PVC / 4 HOJAS / CAJON VOLADO,PVV_4110,Modelo Cajon Volado 4 Hojas de PVC Construal,1
4 - CONSTRUAL - PVC / 4 HOJAS / CAJON VOLADO,PVV_4120,Modelo Cajon Volado 4 Hojas de PVC Construal,1
4 - CONSTRUAL - PVC / 4 HOJAS / CAJON VOLADO,PVV_4121,Modelo Cajon Volado 4 Hojas de PVC Construal,1
4 - CONSTRUAL - PVC / 4 HOJAS / CAJON VOLADO,PVV_4200,Modelo Cajon Volado 4 Hojas de PVC Construal,1
4 - CONSTRUAL - PVC / 4 HOJAS / CAJON VOLADO,PVV_4300,Modelo Cajon Volado 4 Hojas de PVC Construal,1
4 - CONSTRUAL - PVC / BANDERAS / _APERTURA INTERIOR,PBN.1000,Modelo Bandera de PVC Construal,2
4 - CONSTRUAL - PVC / BANDERAS / _APERTURA INTERIOR,PBN.1100,Modelo Bandera de PVC Construal,2
4 - CONSTRUAL - PVC / BANDERAS / _APERTURA INTERIOR,PBN.1200,Modelo Bandera de PVC Construal,2
4 - CONSTRUAL - PVC / BANDERAS / _APERTURA INTERIOR,PBN.2000,Modelo Bandera de PVC Construal,2
4 - CONSTRUAL - PVC / BANDERAS / _APERTURA INTERIOR,PBN.2100,Modelo Bandera de PVC Construal,2
4 - CONSTRUAL - PVC / BANDERAS / _APERTURA INTERIOR,PBN.2200,Modelo Bandera de PVC Construal,2
4 - CONSTRUAL - PVC / BANDERAS / _APERTURA INTERIOR,PBN.5100,Modelo Bandera de PVC Construal,3
4 - CONSTRUAL - PVC / BANDERAS / _APERTURA INTERIOR,PBN.5200,Modelo Bandera de PVC Construal,3
4 - CONSTRUAL - PVC / BANDERAS / APERTURA EXTERIOR,PBE_1000,Modelo Bandera de PVC Construal,2
4 - CONSTRUAL - PVC / BANDERAS / APERTURA EXTERIOR,PBE_2000,Modelo Bandera de PVC Construal,2
4 - CONSTRUAL - PVC / BANDERAS / CAJON VOLADO,PBV.1000,Modelo Bandera Cajon Volado de PVC Construal,2
4 - CONSTRUAL - PVC / BANDERAS / CAJON VOLADO,PBV.1100,Modelo Bandera Cajon Volado de PVC Construal,2
4 - CONSTRUAL - PVC / BANDERAS / CAJON VOLADO,PBV.1200,Modelo Bandera Cajon Volado de PVC Construal,2
4 - CONSTRUAL - PVC / BANDERAS / CAJON VOLADO,PBV.2000,Modelo Bandera Cajon Volado de PVC Construal,2
4 - CONSTRUAL - PVC / BANDERAS / CAJON VOLADO,PBV.2100,Modelo Bandera Cajon Volado de PVC Construal,2
4 - CONSTRUAL - PVC / BANDERAS / CAJON VOLADO,PBV.2200,Modelo Bandera Cajon Volado de PVC Construal,2
4 - CONSTRUAL - PVC / CORREDERAS / 2 HOJAS,PCL_2000A,Corredera Lineal 2 Hojas de PVC Construal,1
4 - CONSTRUAL - PVC / CORREDERAS / 2 HOJAS,PCL_2000B,Corredera Lineal 2 Hojas de PVC Construal,1
4 - CONSTRUAL - PVC / CORREDERAS / 2 HOJAS,PCL_2000C,Corredera Lineal 2 Hojas de PVC Construal,1
4 - CONSTRUAL - PVC / CORREDERAS / 2 HOJAS,PCL_2000D,Corredera Lineal 2 Hojas de PVC Construal,1
4 - CONSTRUAL - PVC / CORREDERAS / 2 HOJAS,PCL_2000E,Corredera Lineal 2 Hojas de PVC Construal,1
4 - CONSTRUAL - PVC / CORREDERAS / 3 HOJAS,PCL_3000A,Corredera Lineal 3 Hojas de PVC Construal,1
4 - CONSTRUAL - PVC / CORREDERAS / 3 HOJAS,PCL_3000B,Corredera Lineal 3 Hojas de PVC Construal,1
4 - CONSTRUAL - PVC / CORREDERAS / 3 HOJAS,PCL_3000C,Corredera Lineal 3 Hojas de PVC Construal,1
4 - CONSTRUAL - PVC / CORREDERAS / 3 HOJAS,PCL_3000D,Corredera Lineal 3 Hojas de PVC Construal,1
4 - CONSTRUAL - PVC / CORREDERAS / 3 HOJAS,PCL_3000E,Corredera Lineal 3 Hojas de PVC Construal,1
4 - CONSTRUAL - PVC / CORREDERAS / 3 HOJAS MARCO TRICARRIL,PCT_3000A,Corredera Lineal Tricarril 3 Hojas de PVC Construal,1
4 - CONSTRUAL - PVC / CORREDERAS / 3 HOJAS MARCO TRICARRIL,PCT_3000B,Corredera Lineal Tricarril 3 Hojas de PVC Construal,1
4 - CONSTRUAL - PVC / CORREDERAS / 4 HOJAS,PCL_4000A,Corredera Lineal 4 Hojas de PVC Construal,1
4 - CONSTRUAL - PVC / CORREDERAS / 4 HOJAS,PCL_4000B,Corredera Lineal 4 Hojas de PVC Construal,1
4 - CONSTRUAL - PVC / CORREDERAS / 4 HOJAS,PCL_4000C,Corredera Lineal 4 Hojas de PVC Construal,1
4 - CONSTRUAL - PVC / CORREDERAS / 4 HOJAS,PCL_4000D,Corredera Lineal 4 Hojas de PVC Construal,1
4 - CONSTRUAL - PVC / CORREDERAS / 6 HOJAS MARCO TRICARRIL,PCT_6000,Corredera Lineal Tricarril 6 Hojas de PVC Construal,1
4 - CONSTRUAL - PVC / CORREDERAS / CAJON VOLADO / 2 HOJAS,PCV_2000A,Corredera Lineal Cajon Volado de PVC Construal,1
4 - CONSTRUAL - PVC / CORREDERAS / CAJON VOLADO / 2 HOJAS,PCV_2000B,Corredera Lineal Cajon Volado de PVC Construal,1
4 - CONSTRUAL - PVC / CORREDERAS / CAJON VOLADO / 2 HOJAS,PCV_2000C,Corredera Lineal Cajon Volado de PVC Construal,1
4 - CONSTRUAL - PVC / CORREDERAS / CAJON VOLADO / 2 HOJAS,PCV_2000D,Corredera Lineal Cajon Volado de PVC Construal,1
4 - CONSTRUAL - PVC / CORREDERAS / CAJON VOLADO / 2 HOJAS,PCV_2000E,Corredera Lineal Cajon Volado de PVC Construal,1
4 - CONSTRUAL - PVC / CORREDERAS / CAJON VOLADO / 3 HOJAS,PCV_3000A,Corredera Lineal Cajon Volado de PVC Construal,1
4 - CONSTRUAL - PVC / CORREDERAS / CAJON VOLADO / 3 HOJAS,PCV_3000B,Corredera Lineal Cajon Volado de PVC Construal,1
4 - CONSTRUAL - PVC / CORREDERAS / CAJON VOLADO / 3 HOJAS,PCV_3000C,Corredera Lineal Cajon Volado de PVC Construal,1
4 - CONSTRUAL - PVC / CORREDERAS / CAJON VOLADO / 3 HOJAS,PCV_3000D,Corredera Lineal Cajon Volado de PVC Construal,1
4 - CONSTRUAL - PVC / CORREDERAS / CAJON VOLADO / 3 HOJAS,PCV_3000E,Corredera Lineal Cajon Volado de PVC Construal,1
4 - CONSTRUAL - PVC / CORREDERAS / CAJON VOLADO / 4 HOJAS,PCV_4000A,Corredera Lineal Cajon Volado de PVC Construal,1
4 - CONSTRUAL - PVC / CORREDERAS / CAJON VOLADO / 4 HOJAS,PCV_4000B,Corredera Lineal Cajon Volado de PVC Construal,1
4 - CONSTRUAL - PVC / CORREDERAS / CAJON VOLADO / 4 HOJAS,PCV_4000C,Corredera Lineal Cajon Volado de PVC Construal,1
4 - CONSTRUAL - PVC / CORREDERAS / CAJON VOLADO / 4 HOJAS,PCV_4000D,Corredera Lineal Cajon Volado de PVC Construal,1
4 - CONSTRUAL - PVC / CORREDERAS / CAJON VOLADO / Z_OTROS MODELOS,PCV_2000,Corredera Lineal Cajon Volado de PVC Construal,1
4 - CONSTRUAL - PVC / CORREDERAS / CAJON VOLADO / Z_OTROS MODELOS,PCV_3000,Corredera Lineal Cajon Volado de PVC Construal,1
4 - CONSTRUAL - PVC / CORREDERAS / CAJON VOLADO / Z_OTROS MODELOS,PCV_4000,Corredera Lineal Cajon Volado de PVC Construal,1
4 - CONSTRUAL - PVC / CORREDERAS / CAJON VOLADO / Z_OTROS MODELOS,PCV22000,Corredera Lineal Cajon Volado de PVC Construal,1
4 - CONSTRUAL - PVC / CORREDERAS / CAJON VOLADO / Z_OTROS MODELOS,PCV22001,Corredera Lineal Cajon Volado de PVC Construal,1
4 - CONSTRUAL - PVC / ELEVABLE,EL1H1F_DCHA,Elevable 1 hoja movil y 1 Hoja fija,1
4 - CONSTRUAL - PVC / ELEVABLE,EL1H1F_IZQ,Elevable 1 hoja movil y 1 Hoja fija,1
4 - CONSTRUAL - PVC / ELEVABLE,EL2H,Elevable 2 hojas moviles,1
4 - CONSTRUAL - PVC / OSCILOPARALELAS / 1 MARCO / 1 PERSIANA,POP_1000,Osciloparalela 1 Hoja de PVC Construal,1
4 - CONSTRUAL - PVC / OSCILOPARALELAS / 1 MARCO / 1 PERSIANA,POP_1100,Osciloparalela 1 Hoja de PVC Construal,1
4 - CONSTRUAL - PVC / OSCILOPARALELAS / 1 MARCO / 1 PERSIANA,POP_2000,Osciloparalela 2 Hojas de PVC Construal,1
4 - CONSTRUAL - PVC / OSCILOPARALELAS / 1 MARCO / 1 PERSIANA,POP_2100,Osciloparalela 1 Hoja de PVC Construal,1
4 - CONSTRUAL - PVC / OSCILOPARALELAS / 1 MARCO / 1 PERSIANA,POP_2200,Osciloparalela 2 Hojas de PVC Construal,1
4 - CONSTRUAL - PVC / OSCILOPARALELAS / 1 MARCO / 1 PERSIANA,POP_2201,Osciloparalela 1 Hoja de PVC Construal,1
4 - CONSTRUAL - PVC / OSCILOPARALELAS / 1 MARCO / 2 PERSIANAS,POP_1101,Osciloparalela 1 Hoja y 2 Persianas de PVC Construal,1
4 - CONSTRUAL - PVC / OSCILOPARALELAS / 2 MARCOS / 1 PERSIANA,POP21001,Osciloparalela 1 Hoja 2 Marcos 1 Persiana PVC Construal,2
4 - CONSTRUAL - PVC / OSCILOPARALELAS / 2 MARCOS / 1 PERSIANA,POP21002,Osciloparalela 1 Hoja 2 Marcos 1 Persiana PVC Construal,2
4 - CONSTRUAL - PVC / OSCILOPARALELAS / 2 MARCOS / 2 PERSIANAS,POP21000,Osciloparalela 1 Hoja 2 Marcos y 2 Persianas PVC Construal,2
4 - CONSTRUAL - PVC / OSCILOPARALELAS / 2 MARCOS / 2 PERSIANAS,POP22000,Osciloparalela 1 Hoja 2 Marcos y 2 Persianas PVC Construal,2
4 - CONSTRUAL - PVC / OSCILOPARALELAS / CAJON VOLADO,POV_1100,Osciloparalela Cajon Volado de PVC Construal,1
4 - CONSTRUAL - PVC / OSCILOPARALELAS / CAJON VOLADO,POV_2100,Osciloparalela Cajon Volado de PVC Construal,1
4 - CONSTRUAL - PVC / OSCILOPARALELAS / CAJON VOLADO,POV20002,Modelo Cajon Volado 2 Marcos 2  Persianas de PVC Construal,2
4 - CONSTRUAL - PVC / PIVOTANTES,PVP_1000,Modelo Pivotante S8000 PVC Construal,1
4 - CONSTRUAL - PVC / PIVOTANTES,PVP_1100,Modelo Pivotante S8000 PVC Construal,1
4 - CONSTRUAL - PVC / PUERTAS / _APERTURA INTERIOR,PPC_1000,Puerta de Calle Apertura Interior 1 Hoja,1
4 - CONSTRUAL - PVC / PUERTAS / _APERTURA INTERIOR,PPC_1010,Puerta de Calle Apertura Interior 1 Hoja,1
4 - CONSTRUAL - PVC / PUERTAS / _APERTURA INTERIOR,PPC_1100,Puerta de Calle Apertura Interior 1 Hoja,1
4 - CONSTRUAL - PVC / PUERTAS / _APERTURA INTERIOR,PPC_1110,Puerta de Calle Apertura Interior 1 Hoja,1
4 - CONSTRUAL - PVC / PUERTAS / _APERTURA INTERIOR,PPC_1111,Puerta de Calle Apertura Interior 1 Hoja,1
4 - CONSTRUAL - PVC / PUERTAS / _APERTURA INTERIOR,PPC_1200,Puerta de Calle Apertura Interior 1 Hoja,1
4 - CONSTRUAL - PVC / PUERTAS / _APERTURA INTERIOR,PPC_1210,Puerta de Calle Apertura Interior 1 Hoja,1
4 - CONSTRUAL - PVC / PUERTAS / _APERTURA INTERIOR,PPC_2000,,1
4 - CONSTRUAL - PVC / PUERTAS / _APERTURA INTERIOR,PPC_2010,Puerta de Calle Apertura Interior 2 Hojas,1
4 - CONSTRUAL - PVC / PUERTAS / _APERTURA INTERIOR,PPC_2100,Puerta de Calle Apertura Interior 2 Hojas,1
4 - CONSTRUAL - PVC / PUERTAS / _APERTURA INTERIOR,PPC_2110,Puerta de Calle Apertura Interior 2 Hojas,1
4 - CONSTRUAL - PVC / PUERTAS / _APERTURA INTERIOR,PPC_2200,Puerta de Calle Apertura Interior 2 Hojas,1
4 - CONSTRUAL - PVC / PUERTAS / _APERTURA INTERIOR,PPC_2210,Puerta de Calle Apertura Interior 2 Hojas,1
4 - CONSTRUAL - PVC / PUERTAS / APERTURA EXTERIOR,PPE_1000,Puerta de Calle Apertura Exterior 1 Hoja,1
4 - CONSTRUAL - PVC / PUERTAS / APERTURA EXTERIOR,PPE_2000,Puerta de Calle Apertura Exterior 2 Hojas,1
4 - CONSTRUAL - PVC / PUERTAS / APERTURA EXTERIOR,PPE21000,Puerta de Calle Apertura Exterior 1 Hoja y 2 Marcos,2
4 - CONSTRUAL - PVC / PUERTAS / APERTURA EXTERIOR,PPE21001,Puerta de Calle Apertura Exterior 1 Hoja y 2 Marcos,2
4 - CONSTRUAL - PVC / PUERTAS / APERTURA EXTERIOR,PPE22000,Puerta de Calle Apertura Exterior 2 Hojas y 2 Marcos,2
4 - CONSTRUAL - PVC / PUERTAS / APERTURA EXTERIOR,PPE22001,Puerta de Calle Apertura Exterior 2 Hojas y 2 Marcos,2
4 - CONSTRUAL - PVC / PUERTAS / APERTURA EXTERIOR,PPE31000,Puerta de Calle Apertura Exterior 1 Hoja y 3 Marcos,3
4 - CONSTRUAL - PVC / PUERTAS / APERTURA EXTERIOR,PPE32000,Puerta de Calle Apertura Exterior 2 Hojas y 3 Marcos,3
4 - CONSTRUAL - PVC / PUERTAS / P. ANTIPANICO,PPA_1000,Puerta Antipanico Apertura Exterior 1 Hoja,1
4 - CONSTRUAL - PVC / PUERTAS / P. ANTIPANICO,PPA_2000,Puerta Antipanico Apertura Exterior 2 Hojas,1
4 - CONSTRUAL - PVC / PUERTAS / P. ANTIPANICO,PPA21000,Puerta Antipanico Apertura Exterior 1 Hoja y 2 Marcos,2
4 - CONSTRUAL - PVC / PUERTAS / P. ANTIPANICO,PPA22000,Puerta Antipanico Apertura Exterior 2 Hojas y 2 Marcos,2
4 - CONSTRUAL - PVC / PUERTAS / P. CON PERSIANA,PPC_1001,Puerta de Calle Apertura Interior 1 Hoja,1
4 - CONSTRUAL - PVC / PUERTAS / P. CON PERSIANA,PPC_1011,Puerta de Calle Apertura Interior 1 Hoja,1
4 - CONSTRUAL - PVC / PUERTAS / P. CON PERSIANA,PPC_1101,Puerta de Calle Apertura Interior 1 Hoja,1
4 - CONSTRUAL - PVC / PUERTAS / P. CON PERSIANA,PPC_2001,Puerta de Calle Apertura Interior 2 Hojas,1
4 - CONSTRUAL - PVC / PUERTAS / P. CON PERSIANA,PPE21002,Puerta de Calle Apertura Exterior 1 Hoja y 2 Marcos,2
4 - CONSTRUAL - PVC / SMOOVIO / 1 MARCO / 1 PERSIANA,SM1H1F_DCHA,Corredera SMOOVIO Ventana una hoja y un fijo,1
4 - CONSTRUAL - PVC / SMOOVIO / 1 MARCO / 1 PERSIANA,SM1H1F_IZQ,Corredera SMOOVIO Ventana una hoja y un fijo,1
4 - CONSTRUAL - PVC / SMOOVIO / 1 MARCO / 1 PERSIANA,SM2H2F,Corredera SMOOVIO Ventana 2 Hojas y 2 Fijos,1
4 - CONSTRUAL - PVC / SMOOVIO / 1 MARCO / 2 PERSIANAS,SM1H1F_DCHA_2P,Corredera SMOOVIO Ventana una hoja y un fijo,1
4 - CONSTRUAL - PVC / SMOOVIO / 1 MARCO / 2 PERSIANAS,SM1H1F_IZQ_2P,Corredera SMOOVIO Ventana una hoja y un fijo,1
4 - CONSTRUAL - PVC / SMOOVIO / 1 MARCO / 2 PERSIANAS,SM2H2F_2P,Corredera SMOOVIO Ventana 2 Hojas y 2 Fijos,1

